Algoritma,Accuracy,Precision,Recall,F1-Score
Decision Tree,0.810126582278481,0.9024390243902439,0.7708333333333334,0.8314606741573034
KNN,0.759493670886076,0.7843137254901961,0.8333333333333334,0.8080808080808081
SVM,0.7974683544303798,0.82,0.8541666666666666,0.8367346938775511
Naive Bayes,0.7974683544303798,0.8478260869565217,0.8125,0.8297872340425532
